#a	m	sigma	d	L0	rho	Re*	M*
2.07873	43.0835	0.448415	26.5761	10.569	0.00221779	5.35597	0.252231
